"Path","Name","Length","Hash"
"C:\Users\86171\Desktop\MdToHmtl\.cursorrules",".cursorrules","11928","6B01921053816C1A9B63864284BD664F74D8A9D0A9A39EA5FF1C4D1F4F6509E9"
"C:\Users\86171\Desktop\MdToHmtl\.env.local",".env.local","11","B8BCB240B0407E40A2F4243FD0FDD817C50593A5887D169AAB80783806C02A9F"
"C:\Users\86171\Desktop\MdToHmtl\next-env.d.ts","next-env.d.ts","206","8964D295A9047C3A222AF813B7D37DEB57B835FD0942D89222E7DEF0AED136CC"
"C:\Users\86171\Desktop\MdToHmtl\next.config.js","next.config.js","257","758BFEF00E532B5CFA5A7AC6321D147CCF95AB53ADFF856CC39B07A0038FBC53"
"C:\Users\86171\Desktop\MdToHmtl\package-lock.json","package-lock.json","134434","552BE11B104D192413A5C9479BFDEFD5F52B1F4434CFEA542ED620B74AB404B6"
"C:\Users\86171\Desktop\MdToHmtl\package.json","package.json","882","9194BED24B7F6CFB298872AA1289BA981F3517E5A3E14EE5FACBB170F88090F8"
"C:\Users\86171\Desktop\MdToHmtl\postcss.config.js","postcss.config.js","82","251ECDDD4672C9CF467547E3DC535DE00AD2129DF26E7E7AE728FA4E5AC45FC5"
"C:\Users\86171\Desktop\MdToHmtl\README.md","README.md","2820","3F5FB71226C60D5C71512ECE36959A71F9B5D64C8F8D4222D6C6BCC53C158AC4"
"C:\Users\86171\Desktop\MdToHmtl\start_editor.bat","start_editor.bat","82","BC11289D1056B73CF39F9300C830952DC9DF44E9CEE122402E97EE93C8B3614D"
"C:\Users\86171\Desktop\MdToHmtl\start_preview.py","start_preview.py","2866","0107AEA727CF662198ED37E819D7F83BA388E19F6DE9DC58713E296DAE6F41B2"
"C:\Users\86171\Desktop\MdToHmtl\tailwind.config.js","tailwind.config.js","637","00201DE242A56AE57CA664B336B9FD8DD6F73AB38CA6217C60FE8FA8A1672606"
"C:\Users\86171\Desktop\MdToHmtl\tsconfig.json","tsconfig.json","578","53F96418E60724DE8C624DE8D7D1B549F64A6C34A5F40F07A7596AF4380C92F6"
"C:\Users\86171\Desktop\MdToHmtl\双击启动预览.bat","双击启动预览.bat","271","97F5B45B8AB639019DDF507DE9B2B66A1AED4CBA811E230F1A809BADE0A9EB52"
"C:\Users\86171\Desktop\MdToHmtl\data\例子1.md","例子1.md","8240","F23AFB4B0F020A791D72DAFB5349764F93F314DEF22EF6CFE474AFF5EF65CDF3"
"C:\Users\86171\Desktop\MdToHmtl\data\关系测试.md","关系测试.md","1040","C06A4D2E74D62AF5B42804FF7AB730869BC0C54D591C5F81695FC58522F498E5"
"C:\Users\86171\Desktop\MdToHmtl\data\组件展示.md","组件展示.md","2638","CE64F2B22DBD29B9F770B1BED7F3A5A2C44AD8269F8D6AC7423CF0DDAB0BC340"
"C:\Users\86171\Desktop\MdToHmtl\docs\README.md","README.md","2627","50063AD4ACEAA948910E3B1013B091C2CB5E4381217314284BC8C77018A82675"
"C:\Users\86171\Desktop\MdToHmtl\docs\开发记录.markdown","开发记录.markdown","3935","A39DA3CDDD9BCDB742FDEBD33D9203A99E468CAADD41E77EECD2DA142933897A"
"C:\Users\86171\Desktop\MdToHmtl\docs\.git\COMMIT_EDITMSG","COMMIT_EDITMSG","13","FE40334E5427B6DDBBDB24CD13637D7760A5E4184D35CC58DD323ED0A146E99E"
"C:\Users\86171\Desktop\MdToHmtl\docs\.git\config","config","186","A195CC56C6D94AA97A632AD5425A4C550244F584C51160D05AEB16AED8454050"
"C:\Users\86171\Desktop\MdToHmtl\docs\.git\description","description","73","85AB6C163D43A17EA9CF7788308BCA1466F1B0A8D1CC92E26E9BF63DA4062AEE"
"C:\Users\86171\Desktop\MdToHmtl\docs\.git\FETCH_HEAD","FETCH_HEAD","0","E3B0C44298FC1C149AFBF4C8996FB92427AE41E4649B934CA495991B7852B855"
"C:\Users\86171\Desktop\MdToHmtl\docs\.git\HEAD","HEAD","23","F6F2B945F6C411B02BA3DA9C7ACE88DCF71B6AF65BA2E0D89AA82900042B5A10"
"C:\Users\86171\Desktop\MdToHmtl\docs\.git\index","index","1513","E9977C1B301A38DD6D88E6B825E9C6A682EC85EE1991B5924C5A0CD0F61CE79B"
"C:\Users\86171\Desktop\MdToHmtl\docs\.git\hooks\applypatch-msg.sample","applypatch-msg.sample","478","0223497A0B8B033AA58A3A521B8629869386CF7AB0E2F101963D328AA62193F7"
"C:\Users\86171\Desktop\MdToHmtl\docs\.git\hooks\commit-msg.sample","commit-msg.sample","896","1F74D5E9292979B573EBD59741D46CB93FF391ACDD083D340B94370753D92437"
"C:\Users\86171\Desktop\MdToHmtl\docs\.git\hooks\fsmonitor-watchman.sample","fsmonitor-watchman.sample","4726","E0549964E93897B519BD8E333C037E51FFF0F88BA13E086A331592BF801FA1D0"
"C:\Users\86171\Desktop\MdToHmtl\docs\.git\hooks\post-update.sample","post-update.sample","189","81765AF2DAEF323061DCBC5E61FC16481CB74B3BAC9AD8A174B186523586F6C5"
"C:\Users\86171\Desktop\MdToHmtl\docs\.git\hooks\pre-applypatch.sample","pre-applypatch.sample","424","E15C5B469EA3E0A695BEA6F2C82BCF8E62821074939DDD85B77E0007FF165475"
"C:\Users\86171\Desktop\MdToHmtl\docs\.git\hooks\pre-commit.sample","pre-commit.sample","1649","57185B7B9F05239D7AB52DB045F5B89EB31348D7B2177EAB214F5EB872E1971B"
"C:\Users\86171\Desktop\MdToHmtl\docs\.git\hooks\pre-merge-commit.sample","pre-merge-commit.sample","416","D3825A70337940EBBD0A5C072984E13245920CDF8898BD225C8D27A6DFC9CB53"
"C:\Users\86171\Desktop\MdToHmtl\docs\.git\hooks\pre-push.sample","pre-push.sample","1374","ECCE9C7E04D3F5DD9D8ADA81753DD1D549A9634B26770042B58DDA00217D086A"
"C:\Users\86171\Desktop\MdToHmtl\docs\.git\hooks\pre-rebase.sample","pre-rebase.sample","4898","4FEBCE867790052338076F4E66CC47EFB14879D18097D1D61C8261859EAAA7B3"
"C:\Users\86171\Desktop\MdToHmtl\docs\.git\hooks\pre-receive.sample","pre-receive.sample","544","A4C3D2B9C7BB3FD8D1441C31BD4EE71A595D66B44FCF49DDB310252320169989"
"C:\Users\86171\Desktop\MdToHmtl\docs\.git\hooks\prepare-commit-msg.sample","prepare-commit-msg.sample","1492","E9DDCAA4189FDDD25ED97FC8C789ECA7B6CA16390B2392AE3276F0C8E1AA4619"
"C:\Users\86171\Desktop\MdToHmtl\docs\.git\hooks\push-to-checkout.sample","push-to-checkout.sample","2783","A53D0741798B287C6DD7AFA64AEE473F305E65D3F49463BB9D7408EC3B12BF5F"
"C:\Users\86171\Desktop\MdToHmtl\docs\.git\hooks\sendemail-validate.sample","sendemail-validate.sample","2308","44EBFC923DC5466BC009602F0ECF067B9C65459ABFE8868DDC49B78E6CED7A92"
"C:\Users\86171\Desktop\MdToHmtl\docs\.git\hooks\update.sample","update.sample","3650","8D5F2FA83E103CF08B57EAA67521DF9194F45CBDBCB37DA52AD586097A14D106"
"C:\Users\86171\Desktop\MdToHmtl\docs\.git\info\exclude","exclude","240","6671FE83B7A07C8932EE89164D1F2793B2318058EB8B98DC5C06EE0A5A3B0EC1"
"C:\Users\86171\Desktop\MdToHmtl\docs\.git\logs\HEAD","HEAD","900","1C5DCDD5848E959750E459DC4E93F0FBE58EBCF8B5C11BAD3BA653A881489872"
"C:\Users\86171\Desktop\MdToHmtl\docs\.git\logs\refs\heads\master","master","900","1C5DCDD5848E959750E459DC4E93F0FBE58EBCF8B5C11BAD3BA653A881489872"
"C:\Users\86171\Desktop\MdToHmtl\docs\.git\objects\01\490f694b99f6e65dc46530788570d19c9841dc","490f694b99f6e65dc46530788570d19c9841dc","1983","19FB93F7D80EDB0D6C094D78C40C27756AA808119EFEABC726E3171C4FBA13DE"
"C:\Users\86171\Desktop\MdToHmtl\docs\.git\objects\04\8defa717f31a6fd5ccc5742c62f642ab556eda","8defa717f31a6fd5ccc5742c62f642ab556eda","2598","545D0D746EB84001878DAB7B6A1701C1F6A58A72CBF48A0337C2AAA3B929A493"
"C:\Users\86171\Desktop\MdToHmtl\docs\.git\objects\07\7d738b29d30f506c3e6d31e4b48492d5ca32e4","7d738b29d30f506c3e6d31e4b48492d5ca32e4","2731","5F937360D52D0F12A47FE8FA0C751E268B5C8943AD64CB6F1D996C1629DA2052"
"C:\Users\86171\Desktop\MdToHmtl\docs\.git\objects\08\23f9e66c03fbc2651b75b7c0bab07b255f3ad7","23f9e66c03fbc2651b75b7c0bab07b255f3ad7","2363","92A8B079FB172CEC2DC4D6B6E8FC6E42B1CBFA54877902DC8E7E45DAE2CCCD97"
"C:\Users\86171\Desktop\MdToHmtl\docs\.git\objects\09\67ac432d38cf2195a81881c7f3065bb7bc01ab","67ac432d38cf2195a81881c7f3065bb7bc01ab","2079","30FE54D8555660572D27E534C1ACB949815DE604972BAA3A804AD7DF6E3D26E8"
"C:\Users\86171\Desktop\MdToHmtl\docs\.git\objects\0b\6b17301b21605b8f2e640bbb5e23d9cb191be7","6b17301b21605b8f2e640bbb5e23d9cb191be7","960","F5AE6063CB60618B7306945462F0D2540D902994293B5E8450A843583D4D65C8"
"C:\Users\86171\Desktop\MdToHmtl\docs\.git\objects\0e\432146adabc59dd97b86e2198966ad17c351fd","432146adabc59dd97b86e2198966ad17c351fd","3375","A546794EEAE61B2C751E4A058AE7959EAD9E6E36919F0CDDA63D45D19BAC42F2"
"C:\Users\86171\Desktop\MdToHmtl\docs\.git\objects\11\a106d0dce93ed9ae5a26d545b0124153a2f741","a106d0dce93ed9ae5a26d545b0124153a2f741","1336","4265B7C359B5D1DDE14B2910023535FB68ECBA9F93FCBE9F5B6B4D27AD86D1CB"
"C:\Users\86171\Desktop\MdToHmtl\docs\.git\objects\11\fab2210b4047ee09565d794a590655fe22cd64","fab2210b4047ee09565d794a590655fe22cd64","2069","B98A030A67354D26E787CDA2FB2769E68D047693DD2FC249E811DD62917780F4"
"C:\Users\86171\Desktop\MdToHmtl\docs\.git\objects\12\8ef519f82ec08dbcf9c7263fa3635867c00091","8ef519f82ec08dbcf9c7263fa3635867c00091","51","1CC0F1C0A1A1F8E8A9E1696633656D31CCE4F0FE581E76AA7833BDCB3C8266C5"
"C:\Users\86171\Desktop\MdToHmtl\docs\.git\objects\15\6f4d71249dd3a57d5981905add9f195f6fd9d9","6f4d71249dd3a57d5981905add9f195f6fd9d9","2596","15D200A8D35349FD3C870D88B4139EB49C0F6356CA46DF9F0A6541AA1E713B2F"
"C:\Users\86171\Desktop\MdToHmtl\docs\.git\objects\17\10ca38af0d871af54dd65e8d78dedf5ee4d5a9","10ca38af0d871af54dd65e8d78dedf5ee4d5a9","166","A9E19258DE3BFB90AC206E1AEFF11C487135BF20FA2932E3EF775BEA2B0028B1"
"C:\Users\86171\Desktop\MdToHmtl\docs\.git\objects\17\a252d1b628019739fdb54abc5dde1eb1d0b269","a252d1b628019739fdb54abc5dde1eb1d0b269","3197","56EC7FC7902E2C6181FAB1519773C11C6FC0F655CE1035FDCF34D5431A1B189F"
"C:\Users\86171\Desktop\MdToHmtl\docs\.git\objects\1a\ce5ce8536efc5eae79d5dfe58c48c2f2f8de37","ce5ce8536efc5eae79d5dfe58c48c2f2f8de37","2537","2901706B684F8FA2EE8A4F242873FD5727CFB2D989954F02BBFEDC1FE432FD10"
"C:\Users\86171\Desktop\MdToHmtl\docs\.git\objects\1a\db2194959d927877eb6b7ee5fbb4a62c0efa27","db2194959d927877eb6b7ee5fbb4a62c0efa27","2869","B6FF720A3EE7D6161B44CA8E3CBA2F9AA01AD54F423E8DBD31982FE5B6B84859"
"C:\Users\86171\Desktop\MdToHmtl\docs\.git\objects\1b\8ffa011cdb070437c38cc91e709651f3a61356","8ffa011cdb070437c38cc91e709651f3a61356","3229","CA5985C0997C64CDF48EE1C188FFF36DC12C7BA9B1A20B23D3515D81B422D1B8"
"C:\Users\86171\Desktop\MdToHmtl\docs\.git\objects\1e\e99d7544156641f2461e063c86931083036c1d","e99d7544156641f2461e063c86931083036c1d","507","1B084CC82F8FFE83F2F5383D243FD9A94F1A5CE73BF08127725C0856DCA32718"
"C:\Users\86171\Desktop\MdToHmtl\docs\.git\objects\23\3f30a6f863de4fb25a8b5b4af7e4903b4d9be1","3f30a6f863de4fb25a8b5b4af7e4903b4d9be1","2876","83DC6C8A74B985680481917C3EA49A419F4C868A6F9E6E750CD366DBD8A8E383"
"C:\Users\86171\Desktop\MdToHmtl\docs\.git\objects\23\ef83aae7302460a4d121272719e6162c877234","ef83aae7302460a4d121272719e6162c877234","1646","7DA311B3F13ED0758EA72935B47396AC7EB2E4339A32BF320C4BFEBD73C9E795"
"C:\Users\86171\Desktop\MdToHmtl\docs\.git\objects\27\1245e9e84dc04cef3e2632f5ad4740c8b8829c","1245e9e84dc04cef3e2632f5ad4740c8b8829c","251","20796022841586F83F5717681D2B4AAD6AB43A9FDE41954BA98A36356B0795EF"
"C:\Users\86171\Desktop\MdToHmtl\docs\.git\objects\27\68ed491f5ea93a56cb3f2856ad9a255c19d562","68ed491f5ea93a56cb3f2856ad9a255c19d562","1314","DFF0B414CB1F4DB40A2E7FF50AC1BEC73EC3977058D23BC3D7D9F801C14DA984"
"C:\Users\86171\Desktop\MdToHmtl\docs\.git\objects\2a\7999fa5101d098fa0db56ce7f29edaf3c5b4a4","7999fa5101d098fa0db56ce7f29edaf3c5b4a4","59","88CC8F0DFC18FE15FDFB083ECAB415ED35CCD27CC9119553BEDF1CFDCFBDF9F8"
"C:\Users\86171\Desktop\MdToHmtl\docs\.git\objects\2b\13ac127c428dabffd71058f8f97c93b6b9a0ab","13ac127c428dabffd71058f8f97c93b6b9a0ab","871","0430FA04B8AB00F346AC48EB08BB4F7F43D9E29C3F1596F28747E106EF57F3F4"
"C:\Users\86171\Desktop\MdToHmtl\docs\.git\objects\30\300ed9a61160ebd77c1366d6f2158621fe5e38","300ed9a61160ebd77c1366d6f2158621fe5e38","1235","980760CBE52F1AFB512A4AC38B6949EFFC5532CDC76C7F709F92605ED6863B78"
"C:\Users\86171\Desktop\MdToHmtl\docs\.git\objects\30\3242cf6e7e0562430847c2463d6cb2a86afcbd","3242cf6e7e0562430847c2463d6cb2a86afcbd","183","589FF56B682C9914F3B1A71716B62E9DFB4013CD60FEBF91D3A9531E5282ECE0"
"C:\Users\86171\Desktop\MdToHmtl\docs\.git\objects\33\3c578d7c6cb2b6315454d7c5ded39e106e989c","3c578d7c6cb2b6315454d7c5ded39e106e989c","1750","F1834A9D0AC851A13F20544EAF59C624CAAC8C5223B161D324FE3852B9DE7D91"
"C:\Users\86171\Desktop\MdToHmtl\docs\.git\objects\35\79e013e364879e2fe2747bb808c032656d2520","79e013e364879e2fe2747bb808c032656d2520","3487","6CEA56C453AD84F32C9C303E4A732B2DAC4F091005F18EC75C21E152894E2FF9"
"C:\Users\86171\Desktop\MdToHmtl\docs\.git\objects\3a\2ad2c647d9d14385c545165c82d43f8ac7c147","2ad2c647d9d14385c545165c82d43f8ac7c147","3024","02C5EC184BEACB9E9AE8834FF94BF93408909FD89D1636E60701119540637CF1"
"C:\Users\86171\Desktop\MdToHmtl\docs\.git\objects\41\336e0fdc20d513494985675b0913c1c5decec9","336e0fdc20d513494985675b0913c1c5decec9","3320","7577FE97F2A28C7829FDB4A76615AD21D450A6FE8FC3608F7FF7DF4A73004DEE"
"C:\Users\86171\Desktop\MdToHmtl\docs\.git\objects\45\4d5fbcaabf96a6842f0e5ee0f3557f217f0c1f","4d5fbcaabf96a6842f0e5ee0f3557f217f0c1f","77","45EC5133C7204BB384C9A4F33D4E259D817D86ED3F9B245888EC18283B1C0CDA"
"C:\Users\86171\Desktop\MdToHmtl\docs\.git\objects\46\f21c3a29d105e21bcc5a5d1e4db5f01b02b30d","f21c3a29d105e21bcc5a5d1e4db5f01b02b30d","71","36E134AB9D7AC6BA8757D577FA28ED5161864EFBBF774649AF104D00BB9D739F"
"C:\Users\86171\Desktop\MdToHmtl\docs\.git\objects\4b\d9d282a36cb8165d0d1b34f5ade24f7d0a9af8","d9d282a36cb8165d0d1b34f5ade24f7d0a9af8","2399","181AA45C6C230698BCFA3C07DAFBE6034BDCAD3DD9ED2AAAF06885295504A186"
"C:\Users\86171\Desktop\MdToHmtl\docs\.git\objects\50\65306d9f070d5d8a5983d89a596b26699d21b1","65306d9f070d5d8a5983d89a596b26699d21b1","1042","268908350D3AC9216C641A58752BC2D7969126768570786867B47A7D75578932"
"C:\Users\86171\Desktop\MdToHmtl\docs\.git\objects\51\481a2fefc8bade502a0dcc51842099d35e420c","481a2fefc8bade502a0dcc51842099d35e420c","2028","2E614E1B62689E031D5AC8DDAD82921BB1B2FA9FB525738519861F8A1188AD87"
"C:\Users\86171\Desktop\MdToHmtl\docs\.git\objects\51\bb3b7e84634dfb8d3a88a6438e5babb64a2c4a","bb3b7e84634dfb8d3a88a6438e5babb64a2c4a","2837","0CED373C568E00CBC96A56D04AF1FB6E86A60CDDE7508E7805D1E3275D7BEF10"
"C:\Users\86171\Desktop\MdToHmtl\docs\.git\objects\53\30d3a048c1fedf93fef0301f0bf49a73e8f803","30d3a048c1fedf93fef0301f0bf49a73e8f803","1013","FFE0225BCFB519AE4D57759B4B0EF33D902011606091AD902C585C13C7E972D6"
"C:\Users\86171\Desktop\MdToHmtl\docs\.git\objects\5d\1b411f8d10be35b84febc40f3faca44b6c780e","1b411f8d10be35b84febc40f3faca44b6c780e","2951","5B787FE749435C2586228E62D1E9A5C0EE45BC6BD5DD98366FEED829D748B52C"
"C:\Users\86171\Desktop\MdToHmtl\docs\.git\objects\5e\7a3ad77141b9882f23037be79c02d1a1c05c7e","7a3ad77141b9882f23037be79c02d1a1c05c7e","2676","9B3728F65CDF7D17E00849C3BB7F1FFC1329103D8FDB2961F8542A99F635316A"
"C:\Users\86171\Desktop\MdToHmtl\docs\.git\objects\67\a9d9f0d42f94c5193df96471a39e921cc811d1","a9d9f0d42f94c5193df96471a39e921cc811d1","2073","3C793E874FB9E2C56E1303A143FBFB1F43FF0E915A2D9F3FA2DB548BB73E0868"
"C:\Users\86171\Desktop\MdToHmtl\docs\.git\objects\67\b7949a70a18a38b49b4871267ef2457b4d61dc","b7949a70a18a38b49b4871267ef2457b4d61dc","1971","D6F9B6DA2BD936325E913E2A29B544AF4C652C5F288AEE8E230786E563E14DBB"
"C:\Users\86171\Desktop\MdToHmtl\docs\.git\objects\69\8a341b6df0fd12d451ebd77ac128238d171313","8a341b6df0fd12d451ebd77ac128238d171313","880","CFC5C9188F66364AE89C518E25AB3C51D5AA4CB5C8E56D18F272700421D14CEB"
"C:\Users\86171\Desktop\MdToHmtl\docs\.git\objects\75\733d349ff329d8e099031991d9e32e10940b15","733d349ff329d8e099031991d9e32e10940b15","2955","244FA84D6E580C1DF640D30C93814F635C386D0D5724BAC788CD5796309969FB"
"C:\Users\86171\Desktop\MdToHmtl\docs\.git\objects\77\2f4833d1813c7b905f87a2a393eda2720fb13c","2f4833d1813c7b905f87a2a393eda2720fb13c","74","4441EFF368B69F3C1FEA0D6E205745419E1CE1FE8847D94573ABD0EFD6D63D8A"
"C:\Users\86171\Desktop\MdToHmtl\docs\.git\objects\77\b94ead29d1b27fa7ee72c2640545cd23dd55ae","b94ead29d1b27fa7ee72c2640545cd23dd55ae","2293","49979D7DD123B323D2305896403873F71310A1F929BA4402ED886AD718EB23DB"
"C:\Users\86171\Desktop\MdToHmtl\docs\.git\objects\7b\419541fa44372a55e8863f278fae5db98e01b9","419541fa44372a55e8863f278fae5db98e01b9","2385","A6CF6865321C1B7512D6153BA04AC20CAA77A8142B080EA66BFBB812FB94F19B"
"C:\Users\86171\Desktop\MdToHmtl\docs\.git\objects\7c\9b4958548336de08baa9e9a3a5e039d0832141","9b4958548336de08baa9e9a3a5e039d0832141","181","668E6BD78B4D6714F3E3A35C62D3C6AD7FCAFF2A92DC793BD70E8D1408CD6421"
"C:\Users\86171\Desktop\MdToHmtl\docs\.git\objects\7f\054283222879ad46081dc806159cf6737b9a14","054283222879ad46081dc806159cf6737b9a14","2853","BDC4E5D861B960AC926AAB73BEB4CDEAB710C376B44F4D94D76EB08A50A48C31"
"C:\Users\86171\Desktop\MdToHmtl\docs\.git\objects\7f\bc26e793e0ea0c9d7ea1eaf08e0271c571eb02","bc26e793e0ea0c9d7ea1eaf08e0271c571eb02","1711","0565A0B972D1A83A04D174D51912D9885AF9E28B05FA3E5D2C7A64C5B00720B9"
"C:\Users\86171\Desktop\MdToHmtl\docs\.git\objects\80\ef69b27879b2f8c1cd19f3e471a3ab22a402bb","ef69b27879b2f8c1cd19f3e471a3ab22a402bb","759","8FBD7D5CEC8CC81239C80197B0F247C2F0979CD869675782B71688DB3CE10E91"
"C:\Users\86171\Desktop\MdToHmtl\docs\.git\objects\81\17602802c65f8931ee83b2938118ccae47ead6","17602802c65f8931ee83b2938118ccae47ead6","310","2606F52B44ABCA4C389FBB5138C0B8FD238B168F09FA422C8959A90E35D3715B"
"C:\Users\86171\Desktop\MdToHmtl\docs\.git\objects\84\541ce050347357a6002905eb98f2b29d72ab0f","541ce050347357a6002905eb98f2b29d72ab0f","49","DDA7FB41ED34B2D872E3F51DE2C767AE6376F7ED20936490524C5BF21FF1B1C0"
"C:\Users\86171\Desktop\MdToHmtl\docs\.git\objects\85\1470b8bbcb1dd675c4725032f1859eec1cfc95","1470b8bbcb1dd675c4725032f1859eec1cfc95","194","1101B40662B28B6E5BE7D2E7138549417D843EC9E6B1FBA3EE4681F6428DECA2"
"C:\Users\86171\Desktop\MdToHmtl\docs\.git\objects\85\ff8241db2ca28cc565ff5947f782f2df119841","ff8241db2ca28cc565ff5947f782f2df119841","3956","96A00E87D07FA267C914242958008A73B5B1E454F9C39DA659CC74E6E4DA307F"
"C:\Users\86171\Desktop\MdToHmtl\docs\.git\objects\88\c40993921d42ec20bc9669d753db88373a734a","c40993921d42ec20bc9669d753db88373a734a","73","5FFC3B7F6B053C58E8B9686158C3F7BB81E5A9B8A3EFC137C6D97622E775A3B3"
"C:\Users\86171\Desktop\MdToHmtl\docs\.git\objects\8a\48319c5b0944fd0d69d6e9358b74a24ddb786b","48319c5b0944fd0d69d6e9358b74a24ddb786b","2123","2B75E77D80E591FE47BD664AB729F061E1CB9B127A7459A2D43F67A2A0F82C00"
"C:\Users\86171\Desktop\MdToHmtl\docs\.git\objects\8c\7446ac6d236e890025584649c873b96081fa09","7446ac6d236e890025584649c873b96081fa09","1825","616BAD861EF2C49EC9C035F7B41D724BB0BD4645C310071F3E89935E69C7AA20"
"C:\Users\86171\Desktop\MdToHmtl\docs\.git\objects\92\8938d43d10f55711be8fe0b2de51419bafee87","8938d43d10f55711be8fe0b2de51419bafee87","2450","03CC2A0D7C622A90D99A04BA0180539A56334A106F31DC8F8402EA7F6E9B8253"
"C:\Users\86171\Desktop\MdToHmtl\docs\.git\objects\99\c762f141c911edb8445862ec35879af8db725e","c762f141c911edb8445862ec35879af8db725e","3066","1CDF5035ACE1A1BBF5CEF7789B0E3FCC58AF724BB45D039179971C709C3C8C7B"
"C:\Users\86171\Desktop\MdToHmtl\docs\.git\objects\9d\9a4a6349be12514bcf2e9505f0e5a99a4dc9f4","9a4a6349be12514bcf2e9505f0e5a99a4dc9f4","391371","D63017D46E7C533C8ECBFAAEB218F4F56BFD55D8FC82CF2956B794539AD94E2C"
"C:\Users\86171\Desktop\MdToHmtl\docs\.git\objects\9e\7498fd556f4fc0c228eca1ee5cdada52842ca6","7498fd556f4fc0c228eca1ee5cdada52842ca6","2469","439336775913D8B8D764B3548155BCC83AF4DDF4FBCE59F46C6AB3C8C763FEF3"
"C:\Users\86171\Desktop\MdToHmtl\docs\.git\objects\a2\00823822fa6fa7b80ec671c10a347703f77025","00823822fa6fa7b80ec671c10a347703f77025","1752","E3C18F56FBD32BAF185561235745ABCE276F610577661F23FC52BBEDA346BD1D"
"C:\Users\86171\Desktop\MdToHmtl\docs\.git\objects\a3\634231e516e834b13302e882ffb7043828f3d2","634231e516e834b13302e882ffb7043828f3d2","506","C9983491580212F0B1836C42D442DC8A0996AC6CAE029D462D5E9A116EE6AC07"
"C:\Users\86171\Desktop\MdToHmtl\docs\.git\objects\aa\f1cf6b86cc200a51cc4b4537f469d0b7f99830","f1cf6b86cc200a51cc4b4537f469d0b7f99830","2748","7668797F2A172DEDD31CC697C19F4A9D1ED5DC6BB06F37816116A813540AA10E"
"C:\Users\86171\Desktop\MdToHmtl\docs\.git\objects\ab\027140713912c0d22cbc3efc496e415d742717","027140713912c0d22cbc3efc496e415d742717","885","5EA97E90D935B1F144416E0D06AE19B3CF2164865C26637E44CDF33C0E9FD3C0"
"C:\Users\86171\Desktop\MdToHmtl\docs\.git\objects\ab\ac9307b452fa8e43306c9dfa692b51a482004a","ac9307b452fa8e43306c9dfa692b51a482004a","71","B3D86F56C28C06C21BD353A68097187980920038739479922D4CB56C076CDB57"
"C:\Users\86171\Desktop\MdToHmtl\docs\.git\objects\ac\097ab3f77d75e9a0d37bee41415077b51ecae4","097ab3f77d75e9a0d37bee41415077b51ecae4","161","4A0FF39E52336B085FE639EFFED0E34325FDE4BE1BD75D41219D259C53F9C4B6"
"C:\Users\86171\Desktop\MdToHmtl\docs\.git\objects\b0\6512b6b703325fb4f520cca27d9d40ba16ceb1","6512b6b703325fb4f520cca27d9d40ba16ceb1","2381","4E7AE05B67899EA5FCFE3BEC333A5DE2754B2B005815CDC67E561F8AA5AB3AA8"
"C:\Users\86171\Desktop\MdToHmtl\docs\.git\objects\b5\7b3d36fe4a274bebbd97bf2c1ee09e59dc8465","7b3d36fe4a274bebbd97bf2c1ee09e59dc8465","310","86D01707D715C8CE6DF3D3650A47567C53AB6CD8645FCB1CC031B1F48F9FB1A2"
"C:\Users\86171\Desktop\MdToHmtl\docs\.git\objects\b5\d0439187f20c4153da88151e460db86230fbff","d0439187f20c4153da88151e460db86230fbff","120","EE1A6AEB23E7C4142962D51E47FDBC05B91C88CC38313FBDDFA6F4BEB323888B"
"C:\Users\86171\Desktop\MdToHmtl\docs\.git\objects\b6\af186dbd93b6e0318e1a84fdeea8e0b39adae6","af186dbd93b6e0318e1a84fdeea8e0b39adae6","3794","CCF84C7600216C7E94D34ABE78D9D9EAFE1E2D11E000817033AF06D26DF22F33"
"C:\Users\86171\Desktop\MdToHmtl\docs\.git\objects\be\af77342b5949de6e3c0333705786c2ff045016","af77342b5949de6e3c0333705786c2ff045016","415","3CD1C71F8685F54B48FAF324A7D29D9E3FAAB58FBEFFBAC8C47BF41754E4F90E"
"C:\Users\86171\Desktop\MdToHmtl\docs\.git\objects\bf\3b5d14077b435b5cae00e21ed99fa99927534c","3b5d14077b435b5cae00e21ed99fa99927534c","2638","146D2E84CEFFA074BB196E59A2C973E22D43E3B6B8DBA272FA0AC8F9345C3166"
"C:\Users\86171\Desktop\MdToHmtl\docs\.git\objects\c5\63f407ea87c04b03ad33a6437d9300f5cfa287","63f407ea87c04b03ad33a6437d9300f5cfa287","1848","54D0507FD45F8B1B373ADDB8E004C78B9240581A8CFBB67E61C477991CBDC8DD"
"C:\Users\86171\Desktop\MdToHmtl\docs\.git\objects\c6\f6671770889b86d183a12c1befcbfbbc910249","f6671770889b86d183a12c1befcbfbbc910249","77","C64F8EC6161467A3DE37EA128201175891C2B1AE54793A8CDE37A22E2EB03037"
"C:\Users\86171\Desktop\MdToHmtl\docs\.git\objects\c7\b576a8ce8444059e1e3835d0f2fd525b67b1aa","b576a8ce8444059e1e3835d0f2fd525b67b1aa","196","9EB3015D8C0A2EA69B8132944DBF3902810763DDA0FB9F55AA362F980F413A2A"
"C:\Users\86171\Desktop\MdToHmtl\docs\.git\objects\ca\378f8f86e6d0b07e8a9adfe257f0fe9a003725","378f8f86e6d0b07e8a9adfe257f0fe9a003725","2483","916F0A8C697D4A144C921550761908988B079F2B17E065465C560F267EEE6811"
"C:\Users\86171\Desktop\MdToHmtl\docs\.git\objects\d0\2e0c31b0064e661c9b06f6dd61d6ed8df074a3","2e0c31b0064e661c9b06f6dd61d6ed8df074a3","2891","4F4112AD20E4BF9C28ACBCBEDDB5B35EF570EDD943E1EDBDFE3AFDACC9BA8E13"
"C:\Users\86171\Desktop\MdToHmtl\docs\.git\objects\d1\8389c911aeb4b340746a818c2777977941fa91","8389c911aeb4b340746a818c2777977941fa91","3127","94625885F9E6633A4E2B059FBCEF961AC8E5E7DF2DD3940B9989BA8061F9A4A8"
"C:\Users\86171\Desktop\MdToHmtl\docs\.git\objects\d2\9e1bbdc4bcead303c19ed2715969206007c244","9e1bbdc4bcead303c19ed2715969206007c244","2783","1389EDBC0B0DB44AA531984D3670AA844372CD421962EEA4B7C4CF487B8A1B44"
"C:\Users\86171\Desktop\MdToHmtl\docs\.git\objects\d2\a619c2415d9c9038da51e61de892e84efb850c","a619c2415d9c9038da51e61de892e84efb850c","2028","56E65C7435C1692D551C31944F84DC1A4FDC16557195CA58219E72934DA5FD61"
"C:\Users\86171\Desktop\MdToHmtl\docs\.git\objects\d4\8581269e90726ca00f0ec499c545be38a5c0c4","8581269e90726ca00f0ec499c545be38a5c0c4","475","2DA3E8BA6224CCECA9AD1A83DE611C7D391758129A0BA1029EBFBA37CF719953"
"C:\Users\86171\Desktop\MdToHmtl\docs\.git\objects\dc\2c338e4173f210648a8c1eafbc6bf38068d840","2c338e4173f210648a8c1eafbc6bf38068d840","2586","FD0B08D6E02C7B849A4A13E66709422782DE3EF50F3E9EC95AF6C0F9A361E5D6"
"C:\Users\86171\Desktop\MdToHmtl\docs\.git\objects\dd\20608c6be604518f6133e09dd00a73c42eea52","20608c6be604518f6133e09dd00a73c42eea52","2644","F4618F7670245453D1BAC1785A9818F91BCAE627714A709BC6EF308BBD35B55A"
"C:\Users\86171\Desktop\MdToHmtl\docs\.git\objects\dd\923fc039c76c8fbbb5e5cf1d615ee564ec971c","923fc039c76c8fbbb5e5cf1d615ee564ec971c","213","1C698DC4A787D618C14CD672C4E3BB3905227DF564B65778E7806A37045896DA"
"C:\Users\86171\Desktop\MdToHmtl\docs\.git\objects\e3\a9f99a4e0548bd51470642381c8209c5af444a","a9f99a4e0548bd51470642381c8209c5af444a","140","B58DC6E11C2745B5532D1680472D70CC493DCBDD3FE2909669A3DD519292D03B"
"C:\Users\86171\Desktop\MdToHmtl\docs\.git\objects\e4\75dc16bcee8d33030ba92a49993cde8c3ae6ad","75dc16bcee8d33030ba92a49993cde8c3ae6ad","1104","91E58DB376514B1D6CCB2F2B158DA64939E58EF53BB88A1EC36591D4E87ABCC0"
"C:\Users\86171\Desktop\MdToHmtl\docs\.git\objects\e5\12d153321ad30887fac650da168bd741fa5f75","12d153321ad30887fac650da168bd741fa5f75","2345","6F0F2C20A14A77066A31DA6A545F8F872156A2878497DABFB9F4CA187D1BAEE8"
"C:\Users\86171\Desktop\MdToHmtl\docs\.git\objects\e6\4ff3ceeef22689b0c116edfe99e42e6cc31f61","4ff3ceeef22689b0c116edfe99e42e6cc31f61","144","A805BDDB072DDCD2CF5AFCE86BE54056E9FEF1B922E06FBB4FA04D1124A93E56"
"C:\Users\86171\Desktop\MdToHmtl\docs\.git\objects\ea\e952dac63bd3d133cb290cce999d2926d1cf8b","e952dac63bd3d133cb290cce999d2926d1cf8b","3172","3CEEB3AE50F5DFF0718848BBA357E3D0A29CF5224169C694C96962C29F751CD3"
"C:\Users\86171\Desktop\MdToHmtl\docs\.git\objects\ef\19f363121fb2d674888716f0f5ed85e0fb200a","19f363121fb2d674888716f0f5ed85e0fb200a","708","84E0B5AF7393E2A6A7DE675582450606DABA086B7076CCD650AD7DB712044169"
"C:\Users\86171\Desktop\MdToHmtl\docs\.git\objects\ef\d68159919192211590d2dc89090b183dd2a1fa","d68159919192211590d2dc89090b183dd2a1fa","2890","500498CF298731E66BF0D442FDA98B0D1A26CA377D08F5890521C610B32CF9A5"
"C:\Users\86171\Desktop\MdToHmtl\docs\.git\objects\f1\91063af7c67803be3ecc737aa8f635fa2dbed4","91063af7c67803be3ecc737aa8f635fa2dbed4","5086","23AAEA7560151D025B40272C0177CC87F5278243CCBE0F99E2F2E982F9B40BE4"
"C:\Users\86171\Desktop\MdToHmtl\docs\.git\objects\f1\a2be44330a5d3d3cff6a9d81289969edba924d","a2be44330a5d3d3cff6a9d81289969edba924d","5557","E2FD9392AC599E578E2649AEB130E57EA127AE82062E8DE7F6C2C0F4D9AC06C1"
"C:\Users\86171\Desktop\MdToHmtl\docs\.git\objects\f8\9810717045c0db7de3d4366ad61514a113c8be","9810717045c0db7de3d4366ad61514a113c8be","6249","E19933603BED9BC2FA192D1B6E7C5D4AE00846708C322BDC79107FE1B84AC715"
"C:\Users\86171\Desktop\MdToHmtl\docs\.git\objects\f9\9d58acc1bdd7aa0e623a32f3046dc1383a99cb","9d58acc1bdd7aa0e623a32f3046dc1383a99cb","3059","0E964EB928C769E3CA20562B4567A89E465831913D11BD10166058AA26857388"
"C:\Users\86171\Desktop\MdToHmtl\docs\.git\objects\fc\f07b2090a6b7ec035ee3252f293ba597683beb","f07b2090a6b7ec035ee3252f293ba597683beb","310","820C54242F6EA09E7DE0CB07BB4C179C129C6A007DDD73A131374CF5D872FF5D"
"C:\Users\86171\Desktop\MdToHmtl\docs\.git\objects\fd\6777acfdefe2862162411b37a4b24d549c69c2","6777acfdefe2862162411b37a4b24d549c69c2","53268","B0AB4B1DD6837633AF8A171DA67AA01C27973198B55266E4D7AE38173CD91DF0"
"C:\Users\86171\Desktop\MdToHmtl\docs\.git\refs\heads\master","master","41","B06571FF9BDE7AD754B09EB412DDB0CCE4B7EFF8BFF46AEFCCFBFC53F9F022AB"
"C:\Users\86171\Desktop\MdToHmtl\docs\1_产品与需求\业务流程_v1.0.md","业务流程_v1.0.md","3685","C2FFA7AB1D6A75EF38EDA34F903F3637C59260F8F22A981459F590579CAB022F"
"C:\Users\86171\Desktop\MdToHmtl\docs\1_产品与需求\前端交互_v1.0.md","前端交互_v1.0.md","3573","0D0592253D758B2F9D47E22E3579476ED833726ADF72CC9977AC8E407A3F07F0"
"C:\Users\86171\Desktop\MdToHmtl\docs\1_产品与需求\项目定位_v1.0.md","项目定位_v1.0.md","2976","FE72C02A27DCF8A659AFA3C575BBB49769EB150B376EA3FD1F276731F5D5A5CF"
"C:\Users\86171\Desktop\MdToHmtl\docs\1_项目概述\项目演进与范围.md","项目演进与范围.md","1838","40D36F55284C4F9CB4FC8784B1B0F60D176202AB46C4635EF069FF1D172C736E"
"C:\Users\86171\Desktop\MdToHmtl\docs\2_架构与技术\技术方案精简_v2.0.md","技术方案精简_v2.0.md","3680","0CD73DE7567C84FB0FD3BAE4AC396920743AFAB4D8D52FA3026FD947E3C89609"
"C:\Users\86171\Desktop\MdToHmtl\docs\2_架构与技术\智能语义适配服务设计方案.md","智能语义适配服务设计方案.md","4170","FFD26A720D75CFEA13B0DC557A9C86F523D838064AB9E29642D1B039A7BCA4B3"
"C:\Users\86171\Desktop\MdToHmtl\docs\2_核心算法\模型训练策略.md","模型训练策略.md","1728","FD46201CEE0CB67071ED909585D9291087B4B14973E4B0D3A081ADD3BEADFB88"
"C:\Users\86171\Desktop\MdToHmtl\docs\3_设计与规范\前端交互与工作流.md","前端交互与工作流.md","2180","949665C22D536189EB6B0C23093B844187DCB0F5509DA7AC8BA6C408EB687D63"
"C:\Users\86171\Desktop\MdToHmtl\docs\3_设计与规范\前端实时编辑器设计方案.md","前端实时编辑器设计方案.md","4216","E265CDB10F2C066EA2408578A2B195D792B028058B8ED4D15BAC85B5F4194E60"
"C:\Users\86171\Desktop\MdToHmtl\docs\3_设计与规范\前端样式提升方案_v1.0.md","前端样式提升方案_v1.0.md","4367","13D99B721B88BFD86E0247D04D214962015833338BD5C746FA1B513318A90687"
"C:\Users\86171\Desktop\MdToHmtl\docs\3_设计与规范\多维布局系统重构计划.md","多维布局系统重构计划.md","3166","98293225BE89649A77EB744A0C07EDED7B4D571504BF10180C6C0B30CC646406"
"C:\Users\86171\Desktop\MdToHmtl\docs\3_设计与规范\编辑器智能导引优化方案.md","编辑器智能导引优化方案.md","3411","1D1ABB68902DC4B5254D8676EB13C91D6D2C59C3AD43D4C929EBF38D0779F29F"
"C:\Users\86171\Desktop\MdToHmtl\docs\3_设计与规范\设计系统规范_v1.0.md","设计系统规范_v1.0.md","1666","DFC345B5122F337DA6B2EADFA924502B602DE73ED851F42ECCC30C1B8D359825"
"C:\Users\86171\Desktop\MdToHmtl\docs\4_管理与运维\体验优化度量报告.md","体验优化度量报告.md","1383","714B1F51EF8D949682AF68C6E5A77CB6518D2EC1ACF78EFB251027E993378AB2"
"C:\Users\86171\Desktop\MdToHmtl\docs\4_管理与运维\健壮性改进清单.md","健壮性改进清单.md","1735","04460C3D888080BFADCABC59B5B597C19D1CBC013612B03BCC1112AA0A40C10B"
"C:\Users\86171\Desktop\MdToHmtl\docs\4_管理与运维\功能扩展路线图.md","功能扩展路线图.md","1736","9A193F804FA8B39AA8DA955214B15354D406AE40C2529FA7FC72F9EA8AAB6DE7"
"C:\Users\86171\Desktop\MdToHmtl\docs\4_管理与运维\后续待办清单_v4.0.md","后续待办清单_v4.0.md","2555","4E69C7CF298771A7603F434CD352717A707CE51B89098842CDB8AC63EE37ADC2"
"C:\Users\86171\Desktop\MdToHmtl\docs\4_管理与运维\待办任务清单_v3.0.md","待办任务清单_v3.0.md","1443","4899577610C6CDA087E2A9715EC5C9A39DAA0F3EE394EAB91615B7AF206B166E"
"C:\Users\86171\Desktop\MdToHmtl\docs\4_管理与运维\持续优化机制与架构治理报告.md","持续优化机制与架构治理报告.md","4086","A7F7D79D61B6541AB3464261D8D014EAB34AAC209232769262C3CA2AC686DD0C"
"C:\Users\86171\Desktop\MdToHmtl\docs\4_管理与运维\自测与性能报告_v1.0.md","自测与性能报告_v1.0.md","2334","D7B8DE04AA09F2F5C7A2130D3187984DA0ECE17FC35DF9364C906BD088D5FFA8"
"C:\Users\86171\Desktop\MdToHmtl\docs\4_管理与运维\迁移日志_v1.0.csv","迁移日志_v1.0.csv","2109","627E5CA1D8056509A7A29FB9C51BEE1F74938823A52571D0A6FE3C8C0EB8F77D"
"C:\Users\86171\Desktop\MdToHmtl\docs\4_管理与运维\项目进度与可行性评估报告.md","项目进度与可行性评估报告.md","7069","F63A35650D5ABAB9B039E99C6E9196B3DA7F22D58666BD4971B2AEA22AACC9C2"
"C:\Users\86171\Desktop\MdToHmtl\docs\4_管理与运维\风险运维手册_v1.0.md","风险运维手册_v1.0.md","2049","D6490EEEE813C12158ECBD7BEDC229D6E6259753448756CB7BADCAA5CDCEFBC7"
"C:\Users\86171\Desktop\MdToHmtl\docs\5_研究与论文\研究方向与竞品分析.md","研究方向与竞品分析.md","1672","E1B13B76B6A750F59D01598FCA1980EAF70E47D80F2A0A405FB49B31F42D6CDE"
"C:\Users\86171\Desktop\MdToHmtl\docs\9_历史归档\FORMAT_SPEC.md","FORMAT_SPEC.md","4298","05B49395A794F458E32601D62C0EE3047F99F05D1813F0C3B7F9B8B9573C0281"
"C:\Users\86171\Desktop\MdToHmtl\docs\9_历史归档\input.rar","input.rar","23257","9F1A30E7C5F37CFB9E1ADEE7C250E7B63299C03AA8AD96FA6F1C974354549E39"
"C:\Users\86171\Desktop\MdToHmtl\docs\开发记录\2026-02-04_样式优化与解析器修复.md","2026-02-04_样式优化与解析器修复.md","4219","A1DBC03AB8118B8CBC42019F831D20E8DCB2B1BB11E4F95D8CD41E043DC35A4B"
"C:\Users\86171\Desktop\MdToHmtl\docs\开发记录\2026-02-04_编辑器功能升级.md","2026-02-04_编辑器功能升级.md","1674","B1B7279F5E6CB1664680534EFDF1AC7EBBE00E81F4264EF6577BB1BD95696ACC"
"C:\Users\86171\Desktop\MdToHmtl\docs\技术规范\AI模型任务定义书.md","AI模型任务定义书.md","4074","9AEE719CA703639B4E35B420CA45C9948425D8430EBD37EE184B9D9F33789E33"
"C:\Users\86171\Desktop\MdToHmtl\docs\技术规范\技术栈与算法详情.markdown","技术栈与算法详情.markdown","6874","99CC60A35DB2C95C11E6712853D8FF636C2518B9185CB42B64CFC0EB73D8A4A1"
"C:\Users\86171\Desktop\MdToHmtl\docs\技术规范\模型版本管理.md","模型版本管理.md","1685","A0FA2746AE479DA2CCBCABCA2E705E1EE3E88741E55FE95BC987EEC01379AEBB"
"C:\Users\86171\Desktop\MdToHmtl\docs\技术规范\模型评估报告.md","模型评估报告.md","1772","D3AD916C3D070B5FCC9932932DB5F409CF8B51FA2726A6F8BCDA256E95B2EC59"
"C:\Users\86171\Desktop\MdToHmtl\docs\技术规范\渲染范式报告.md","渲染范式报告.md","2432","1EB1BD23D2872F090187DDDAD39DDA28466FC0402CC1B61768AAEB8645F0A18B"
"C:\Users\86171\Desktop\MdToHmtl\docs\技术规范\轻量级语义模型方案.md","轻量级语义模型方案.md","3151","653AB728418351BAFEE4B2C29E011744BC40F2473F7ADA660E0EF498207063F0"
"C:\Users\86171\Desktop\MdToHmtl\docs\架构决策记录\ADR-001_技术选型_CodeMirror.md","ADR-001_技术选型_CodeMirror.md","1145","D7BEF0C3B0C5EA3F943F3AE10813A3993EA8DCA6E3EC55754BBE313467F67877"
"C:\Users\86171\Desktop\MdToHmtl\docs\架构决策记录\ADR-002_技术选型_ShadcnUI.md","ADR-002_技术选型_ShadcnUI.md","1077","39FFB610C8721EE797DF57F6022627EB273F52D28B362E0E94F847D346CD446D"
"C:\Users\86171\Desktop\MdToHmtl\docs\架构决策记录\ADR-003_架构标准_性能与扩展性基线.md","ADR-003_架构标准_性能与扩展性基线.md","1290","7A21C351773272593DAF3FC240C001E4426B5F9921EE67C3A7CC67CE4E837FAE"
"C:\Users\86171\Desktop\MdToHmtl\docs\用户手册\双模式编辑系统用户手册.md","双模式编辑系统用户手册.md","4047","A3160EE596C371D912C9EF3CCF0BCD3D00CB90A3FF4959B14D1B263536268C8E"
"C:\Users\86171\Desktop\MdToHmtl\portable_ml_package\README.md","README.md","5038","BF16A3B0BE733DFB04DDDF45CD36E7D0901C5810C2BCFC083B3EE40A8A9DBAB6"
"C:\Users\86171\Desktop\MdToHmtl\portable_ml_package\requirements_ml.txt","requirements_ml.txt","151","07DCB1C55300AF2AE99CCFB9416121293BBBA2CC16EBC8B03A02D770110AB8AF"
"C:\Users\86171\Desktop\MdToHmtl\portable_ml_package\data\generator.py","generator.py","2970","B44DA060B50309621AF365519AC7E381459CC680822F10CB37483DE3EAB8A181"
"C:\Users\86171\Desktop\MdToHmtl\portable_ml_package\inference\pipeline.py","pipeline.py","3766","A2AB87D58CB74D14B45B15CEBF75E2E1801F2A4CCE31E015C9DE4A00A9007CA5"
"C:\Users\86171\Desktop\MdToHmtl\portable_ml_package\inference\__pycache__\pipeline.cpython-313.pyc","pipeline.cpython-313.pyc","5077","EEFF555929B993F463171B038AB7C0865760FCF8D9BA53B2A31E9D6F28D04367"
"C:\Users\86171\Desktop\MdToHmtl\portable_ml_package\llm_service\app.py","app.py","4873","1DE7033ACC80673995890402A3D45D2804690947E5043BB9DCC1BA24CB6910F6"
"C:\Users\86171\Desktop\MdToHmtl\portable_ml_package\llm_service\constraint.md","constraint.md","1812","FDB17DD373A3B713A8ACE6AE5E476F37BE08CFE06BE0B8AD4AE9BF71163B4A1D"
"C:\Users\86171\Desktop\MdToHmtl\portable_ml_package\model\tiny_model.onnx","tiny_model.onnx","93898","29417DEB08EB86C83E158C4380BE8A42C833109B971A82445B2CBA41AEA38EED"
"C:\Users\86171\Desktop\MdToHmtl\portable_ml_package\model\tiny_model.onnx.data","tiny_model.onnx.data","735488","20BCAFC0B0001B881F78763D70EC9A45A37617EB81E95A5817289EE14313C14A"
"C:\Users\86171\Desktop\MdToHmtl\portable_ml_package\model\tiny_model.py","tiny_model.py","2495","6321C5565EBF2F141B86A77B99A0E19289E4B483E6CF95237E07DCCB828692BE"
"C:\Users\86171\Desktop\MdToHmtl\portable_ml_package\model\tokenizer.json","tokenizer.json","1758","A6DDC302E2056B4F29CDD66845C769884A746343B883BAC0B0641C5310E952DA"
"C:\Users\86171\Desktop\MdToHmtl\portable_ml_package\model\tokenizer.py","tokenizer.py","3401","4B03A75EDAF1AF57A8DCA40D5AC4B380D905E065893BB09FAE1B36948888372D"
"C:\Users\86171\Desktop\MdToHmtl\portable_ml_package\model\__pycache__\tokenizer.cpython-313.pyc","tokenizer.cpython-313.pyc","5288","54FF641BA817E114E5C8E525B408AEFDE61ECEA695A3E853FC1A19D1272CA5E8"
"C:\Users\86171\Desktop\MdToHmtl\portable_ml_package\resources\CHD_protocol.md","CHD_protocol.md","7016","A90CF36BA0EAEFDDE423652E02823A2AA4DCB05A2CF19B09670EF570347361B1"
"C:\Users\86171\Desktop\MdToHmtl\portable_ml_package\tests\test_integration.py","test_integration.py","3633","B8FC300E282E228070A7D33DB6B03C79A656B1A392259FB16E37CEB217CC4AA6"
"C:\Users\86171\Desktop\MdToHmtl\portable_ml_package\train\train.py","train.py","4597","753C95080E77EB6B3B948BC5B59C6D341BBFCF1596FDD89AB10912511B78428C"
"C:\Users\86171\Desktop\MdToHmtl\scripts\build_site.py","build_site.py","7876","B89D27CC9DD56DC7A9892D49196BA6744E90D8CF7574DCBFC2F5A2F159670582"
"C:\Users\86171\Desktop\MdToHmtl\scripts\fix_headers.py","fix_headers.py","535","111ED0607CC5056EC6DB858727A470997051D586BD5B121A3C00739E68AE4855"
"C:\Users\86171\Desktop\MdToHmtl\scripts\manage_project.py","manage_project.py","4226","020C3BBC2109A38E77409A656F1B9749AB1DA8AF14B1F78CB850BD413C20038E"
"C:\Users\86171\Desktop\MdToHmtl\scripts\optimize_images.py","optimize_images.py","2806","EE888AE99DF134C47F838C9FA491AA75D1E84F6C9349BE07B280AD52FE6E62D8"
"C:\Users\86171\Desktop\MdToHmtl\scripts\文档迁移工具_v1.0.py","文档迁移工具_v1.0.py","1817","46DB351B4D6EA09F044F1AD160C87313370757514FD4F14E0CFFCFBBFE6301CF"
"C:\Users\86171\Desktop\MdToHmtl\src\app\globals.css","globals.css","132","FDA19D711A0F4EEBDDABF577DE628CE95FA32B5ECAC81B73B15F69B2056E151F"
"C:\Users\86171\Desktop\MdToHmtl\src\app\layout.tsx","layout.tsx","374","A282D1E17AF147FF64398A0DF5CD8C7D47464178030D4102D3B276C1D270840E"
"C:\Users\86171\Desktop\MdToHmtl\src\app\page.tsx","page.tsx","1435","1F82D7C28A4084ECB1B44ADB76DB6F963AB12162C50DC8075555A06501B77401"
"C:\Users\86171\Desktop\MdToHmtl\src\app\editor\page.tsx","page.tsx","5849","EA1F3C1EB1C4F50DE3CA3D9F323A9E754218B234278AC247A9C71A62B61432D3"
"C:\Users\86171\Desktop\MdToHmtl\src\app\preview\page.tsx","page.tsx","2475","72E4F485B7EB97F5413FBF7C48F63B1000F2B00B7EDD68FBFC71D804B647614C"
"C:\Users\86171\Desktop\MdToHmtl\src\app\test\page.tsx","page.tsx","5423","E1E2D1F0DF25F9907977905495BB3E691501EE9E26E2FB39490E3C5AD427B09C"
"C:\Users\86171\Desktop\MdToHmtl\src\app\[slug]\page.tsx","page.tsx","1016","EF19D219AB73972895CB7A41F57AB77320627158AB0C92E8AD22EE0F2EF95DE3"
"C:\Users\86171\Desktop\MdToHmtl\src\components\GlobalErrorBoundary.tsx","GlobalErrorBoundary.tsx","3041","E00F6E00AFC2148890B4D424CE6C045DA293DF4E41BAD0B57E7753E527238D63"
"C:\Users\86171\Desktop\MdToHmtl\src\components\CHD\Card.tsx","Card.tsx","4995","DBA52C0AC8DB9BC39F3A50BCA79019E7110C33F90C3CFB615394F171C3C1D00C"
"C:\Users\86171\Desktop\MdToHmtl\src\components\CHD\CHDRenderer.tsx","CHDRenderer.tsx","7439","A3A7F7AE52D31A51CE1D31DF42B20EA04936DBE0D68C23E6E6276B7E83B59981"
"C:\Users\86171\Desktop\MdToHmtl\src\components\CHD\Section.tsx","Section.tsx","2880","18AFBF0E2CCE38B5D993D2FD0DB0EC51B5AD82EC45C2530AD666A036F9E8FEF5"
"C:\Users\86171\Desktop\MdToHmtl\src\components\Editor\CodeMirrorEditor.tsx","CodeMirrorEditor.tsx","3809","AE5F3F225442A46D8BF93F4CA1C71151DF548AE47AA888648ACCD04DA735167D"
"C:\Users\86171\Desktop\MdToHmtl\src\components\Editor\MarkdownEditor.tsx","MarkdownEditor.tsx","30210","19FD2BF6EAD732F6E77DF076A57265ECBDF11A72F1E359855EF2E820E7919DD7"
"C:\Users\86171\Desktop\MdToHmtl\src\components\Editor\VisualEditor.tsx","VisualEditor.tsx","16399","93054A0B1082A932580412A99E47505477AAC87E47A81A786DC943C95B8B6B10"
"C:\Users\86171\Desktop\MdToHmtl\src\components\ui\button.tsx","button.tsx","203","AF61580448786F61FED168C7F842F3A0094C785DE80196F3ED980C1F7CB248DA"
"C:\Users\86171\Desktop\MdToHmtl\src\hooks\useAutoSave.ts","useAutoSave.ts","1479","7355462DDE08E08E6C188D7FC20DE60DD161D0F8AABA80F7EEDB9077C62DDD48"
"C:\Users\86171\Desktop\MdToHmtl\src\hooks\useDebounce.ts","useDebounce.ts","802","71F811E9F3E62F7DF24E79D3D9B88FC1E5C3A96E689561B8A2E07877D2D352C0"
"C:\Users\86171\Desktop\MdToHmtl\src\lib\chdParser.ts","chdParser.ts","2228","77DB7932224AF6AD34A21391AFBCE9B12BA17E520D10516D4A2DB86F7197C9EA"
"C:\Users\86171\Desktop\MdToHmtl\src\lib\posts.ts","posts.ts","818","8BB54B3083616B37DB00BE44B5B477894BC0B18129D2B1A1A9BC038D3F5EFA51"
"C:\Users\86171\Desktop\MdToHmtl\src\lib\utils.ts","utils.ts","166","51BBF14CD1F84F49AAB2E0DBEE420137015D56B6677BB439E83A908CD292CCE1"
"C:\Users\86171\Desktop\MdToHmtl\src\lib\validator.ts","validator.ts","5073","9ADA92BA926106A7D0C926B278497B6E5DF5DB93CA5737288660C81C456450E7"
"C:\Users\86171\Desktop\MdToHmtl\src\ml\requirements_ml.txt","requirements_ml.txt","85","C9A2F6AEB1EA4ADB390183B49148C41A537199372EA686AE3ACAD1BA5F6FA4E1"
"C:\Users\86171\Desktop\MdToHmtl\src\ml\data\generator.py","generator.py","2970","B44DA060B50309621AF365519AC7E381459CC680822F10CB37483DE3EAB8A181"
"C:\Users\86171\Desktop\MdToHmtl\src\ml\data\__pycache__\generator.cpython-313.pyc","generator.cpython-313.pyc","4919","F62E515A5CF89DCD1CD18EA3AD778A737241C935015E93EE48C6000023F86A9F"
"C:\Users\86171\Desktop\MdToHmtl\src\ml\inference\pipeline.py","pipeline.py","3479","C665427740C62E4191D989976565F0A0E68EBAD086F149448625BD32DC48B88A"
"C:\Users\86171\Desktop\MdToHmtl\src\ml\inference\tiny_model.onnx","tiny_model.onnx","93898","29417DEB08EB86C83E158C4380BE8A42C833109B971A82445B2CBA41AEA38EED"
"C:\Users\86171\Desktop\MdToHmtl\src\ml\inference\tiny_model.onnx.data","tiny_model.onnx.data","735488","20BCAFC0B0001B881F78763D70EC9A45A37617EB81E95A5817289EE14313C14A"
"C:\Users\86171\Desktop\MdToHmtl\src\ml\inference\tiny_model.pth","tiny_model.pth","742965","63EFC5FDB8AA2AAD3B7A707583108BDA85CB3E33DAAF1FE0671012A824037ED3"
"C:\Users\86171\Desktop\MdToHmtl\src\ml\inference\tokenizer.json","tokenizer.json","1758","A6DDC302E2056B4F29CDD66845C769884A746343B883BAC0B0641C5310E952DA"
"C:\Users\86171\Desktop\MdToHmtl\src\ml\inference\__pycache__\pipeline.cpython-313.pyc","pipeline.cpython-313.pyc","4806","623C408116B552F437C03AD119AEF72B180F999F4E6AECDB6AA7423B25164C6C"
"C:\Users\86171\Desktop\MdToHmtl\src\ml\models\tiny_model.py","tiny_model.py","2495","6321C5565EBF2F141B86A77B99A0E19289E4B483E6CF95237E07DCCB828692BE"
"C:\Users\86171\Desktop\MdToHmtl\src\ml\models\tokenizer.py","tokenizer.py","3401","4B03A75EDAF1AF57A8DCA40D5AC4B380D905E065893BB09FAE1B36948888372D"
"C:\Users\86171\Desktop\MdToHmtl\src\ml\models\__pycache__\tiny_model.cpython-313.pyc","tiny_model.cpython-313.pyc","3758","D08055A373085D5C0044E61B2D60BADB7CE8443A2214BBF908BA8D9AAB80E4FE"
"C:\Users\86171\Desktop\MdToHmtl\src\ml\models\__pycache__\tokenizer.cpython-313.pyc","tokenizer.cpython-313.pyc","5276","AF7406FE4FCCDB8ED4A4A005C627D686FC0419740D7E9CC2FA89EE95A97B7390"
"C:\Users\86171\Desktop\MdToHmtl\src\ml\train\train.py","train.py","4620","E7B45383646C39CB3F6F3824F82B7708E815CD82124CF1D3236BD85FAEAF866B"
"C:\Users\86171\Desktop\MdToHmtl\src\ml\train\__pycache__\train.cpython-313.pyc","train.cpython-313.pyc","6361","7C689067DB4DAB12CC0E801CF1AFDBE097BB418AF177D394F587F630E7373082"
"C:\Users\86171\Desktop\MdToHmtl\tests\integration_test.py","integration_test.py","1422","BCCB3E5B18A8201182F092F7959554E907F07BF1A5716296D4C2AC258C7B057D"
"C:\Users\86171\Desktop\MdToHmtl\tests\README.md","README.md","1358","3813447CC4C44463702AA6FAB8E9ED27E0620AD8B370FF0F932549CC2D3958B0"
